{
  "checkpoint": "/home/calla/AI_projects/ego-world-sub-jepa/outputs/pusht_hires_seed0/model.pt",
  "config": "g1",
  "train_seed": 0,
  "mode": "factored",
  "n_abs_rows": 8192,
  "n_disp_rows": 8192,
  "z_world_abs": {
    "mse": 35.965728759765625,
    "rmse": 5.997143383292218,
    "nrmse": 0.06586951764711856,
    "r2": 0.9973235726356506
  },
  "z_world_disp": {
    "mse": 35.39081573486328,
    "rmse": 5.949018047952391,
    "nrmse": 1.152937677049559,
    "r2": 0.204701229929924
  },
  "z_ego_abs": {
    "mse": 911.3170776367188,
    "rmse": 30.188028713990562,
    "nrmse": 0.33156967626415557,
    "r2": 0.5481911897659302
  },
  "z_ego_disp": {
    "mse": 40.00025939941406,
    "rmse": 6.3245758276278154,
    "nrmse": 1.2257219097761527,
    "r2": 0.09962549060583115
  }
}