{
  "checkpoint": "/home/calla/AI_projects/ego-world-sub-jepa/outputs/grid/g1_factored_sgT_cov025_aux1_seed1/model.pt",
  "config": "g1",
  "train_seed": 1,
  "mode": "factored",
  "n_abs_rows": 8192,
  "n_disp_rows": 8192,
  "z_world_abs": {
    "mse": 28.60453224182129,
    "rmse": 5.348320506647044,
    "nrmse": 0.05874318312556972,
    "r2": 0.9963874220848083
  },
  "z_world_disp": {
    "mse": 33.833396911621094,
    "rmse": 5.816648254073913,
    "nrmse": 1.1272840109427111,
    "r2": 0.22532641887664795
  },
  "z_ego_abs": {
    "mse": 896.2763671875,
    "rmse": 29.937875128129917,
    "nrmse": 0.3288221188046752,
    "r2": 0.5445606112480164
  },
  "z_ego_disp": {
    "mse": 39.97426223754883,
    "rmse": 6.322520244139106,
    "nrmse": 1.2253235314835758,
    "r2": 0.10016503185033798
  }
}